passenger_id,survived,pclass,sex,age,sibsp,parch,fare,embarked
1,0,2,male,68.5436298254513,3,1,428.16859489639603,C
2,1,3,male,40.20148984281892,0,1,90.65626165365461,Q
3,1,2,male,54.495040976633035,2,5,454.11929140807547,Q
4,1,3,female,51.08026140457688,3,3,175.3907799242096,S
5,0,3,female,26.416065355117077,6,0,276.0408096274909,Q
6,1,2,female,9.641503543603617,0,5,4.7739534766279235,Q
7,0,3,female,7.210090729580742,0,0,476.9491829805479,S
8,1,1,male,13.852895068236954,7,0,268.15946548351286,C
9,1,3,female,40.59049371416255,5,5,472.1483488921329,Q
10,1,3,female,1.0378892366718215,0,4,300.3938475525118,S
11,1,1,male,15.923208533995371,0,0,39.290570203938046,S
12,1,1,male,39.5342373444837,0,1,432.40565254684043,Q
13,0,2,male,34.08523112798655,1,0,51.93600878783019,S
14,0,3,male,59.567413269463486,6,0,341.00300813770684,Q
15,1,3,female,71.11194011110697,2,2,127.93781316993199,S
16,0,3,female,64.1306488945238,1,0,152.62340393098384,C
17,1,2,female,36.61038838058181,5,1,409.3765782261082,S
18,1,3,male,3.5309056794182276,5,4,126.762151524518,Q
19,1,1,female,57.24413370960999,6,4,286.2463113913058,Q
20,0,3,male,20.945046824684713,3,0,239.31248072571935,C
21,0,2,male,32.28988291864357,3,0,343.52827111709104,S
22,0,1,male,56.825373204298764,3,2,243.24864207315937,Q
23,1,1,female,68.54375679318788,3,4,292.201318188164,Q
24,0,1,male,5.002265914410975,3,3,346.49855246840525,C
25,0,1,male,77.01811644591878,1,3,192.1464416777215,C
26,1,2,female,47.702763693009935,2,2,123.90061418706318,C
27,1,1,male,2.0685045669381017,3,5,457.1731353729406,S
28,0,2,male,9.067568135246661,0,1,174.59911051831585,C
29,1,3,female,57.0758574403492,6,4,36.32121630493697,S
30,1,3,male,76.45501105293228,1,0,329.4261872406295,C
31,1,3,male,65.59109708449415,4,4,348.6385838220462,S
32,1,2,female,48.38357254058322,7,5,223.60882903383242,S
33,0,1,female,33.70089091639484,3,5,301.23929308888523,Q
34,0,2,male,66.9223419921448,0,5,475.5445752943177,S
35,0,3,female,61.15322929805247,7,1,354.75537436089934,S
36,1,3,female,15.474153389237273,1,5,338.21463112024264,S
37,0,2,female,69.140724094571,3,3,44.16820159696499,Q
38,1,1,male,61.357676928658925,3,1,380.41762668244445,Q
39,0,3,female,33.32439650129969,5,3,115.00972206294097,C
40,0,1,male,59.8443615155858,1,5,91.57582600809945,C
41,0,2,female,18.42667808533897,5,3,387.8869068724712,Q
42,1,1,male,20.40782245493621,7,5,59.46512715562494,S
43,0,1,male,23.003802609501747,4,5,20.880954604414853,S
44,1,3,female,37.32469649699905,4,5,67.3856685104372,C
45,1,1,female,79.35883424176538,1,1,345.6573567273165,Q
46,0,3,female,35.219962554511405,0,2,14.34094490352345,C
47,0,1,male,47.237893794519145,6,2,225.4893819102246,Q
48,0,2,female,76.91568303072772,2,2,58.38976171918648,Q
49,1,2,female,64.2384150775148,7,5,405.4205821238951,C
50,1,2,female,56.96119129672112,2,1,118.99125066916059,S
51,0,2,female,8.478873640010072,2,2,349.6893495179597,S
52,0,1,male,39.4754751861672,3,5,9.912815485246142,Q
53,1,2,female,22.976840318216055,6,1,369.4484101412488,S
54,1,2,female,31.70471744794831,4,4,9.392566883336599,Q
55,1,2,female,79.42806852652971,4,0,51.82368586378249,Q
56,1,1,male,13.426946375532095,0,0,300.5393800518883,S
57,0,1,female,71.58096094139358,6,0,266.99598515844326,Q
58,0,1,male,44.945515923962326,7,2,488.2386727854936,C
59,1,3,female,6.902498434065248,3,2,166.60090177897376,Q
60,1,3,male,71.48107899558752,5,1,436.0578870875397,C
61,0,1,male,12.277179941647312,7,3,449.2396581326348,Q
62,1,3,female,35.15644989667423,7,0,38.58645423606134,Q
63,1,3,male,25.0363274739278,4,3,279.502782939901,Q
64,0,3,female,41.89947162162821,6,3,166.65209563769827,S
65,1,1,female,72.32849381975034,1,2,232.5075278641205,S
66,1,2,female,75.19093183126097,2,1,5.545539296897914,C
67,0,3,male,52.77112417064622,1,3,282.67043086313635,C
68,0,3,male,30.479678928403576,3,5,210.42935278854412,S
69,1,1,male,72.95147742404602,2,0,52.1062431035175,Q
70,1,1,female,65.93166008099459,6,1,502.24403151430755,C
71,0,2,female,50.56573573833982,3,1,252.40619383988178,S
72,0,2,male,60.53678803878149,6,1,54.7028330226226,C
73,1,1,female,47.66371339362304,6,5,307.74038922673014,S
74,1,3,female,38.05813926374016,6,5,288.08551531722,C
75,0,3,male,16.97722427169807,7,0,282.7169144507988,C
76,1,1,female,52.83336170463519,6,3,146.47009165487856,S
77,0,1,male,47.811987572240625,6,1,330.0800425773238,S
78,0,1,male,28.132734460910278,2,3,425.0308122676092,C
79,1,2,male,62.552406515789215,4,2,471.44063778233374,Q
80,0,1,female,38.575444886446554,7,2,363.4218879646288,S
81,0,2,female,34.606318649180686,7,3,47.64488478431281,S
82,0,3,male,43.578826241418895,6,3,253.62329656487634,C
83,0,3,female,69.94095354050033,6,3,94.03087191576935,S
84,1,3,female,21.674003506570475,4,2,198.73937863973845,Q
85,1,3,male,3.3649649220556976,1,2,263.24018015129883,S
86,0,2,male,27.713398681032555,1,4,510.95432438616086,S
87,1,1,female,17.917969789055782,7,0,57.94814007483757,S
88,0,3,female,44.75286110755439,5,5,501.3497005458659,S
89,0,3,male,53.08650501212209,7,1,329.32188158479175,C
90,0,3,female,42.03444623726569,0,4,411.497579029618,S
91,0,1,female,21.829114594521407,2,4,480.04050533778576,S
92,1,1,male,1.983861021880536,6,5,28.111152455097965,Q
93,1,3,female,77.32178241669838,1,3,73.58128122763071,Q
94,1,2,female,29.539803106725103,6,1,225.7753654692562,Q
95,0,1,female,11.146574874535379,0,3,415.0363404443687,Q
96,0,1,female,8.90891276591425,3,2,504.34259619764356,Q
97,1,1,male,56.34365361565436,2,4,419.811578258094,C
98,0,2,male,70.91676318625234,5,0,409.5954346769504,S
99,1,1,male,79.26899364187416,0,0,442.5674917384997,C
100,0,2,female,19.745300841192574,7,0,424.1153794193896,C
101,1,1,female,31.857406459334644,5,4,305.4288116560874,Q
102,1,1,female,8.713501746381972,5,1,507.35603756617195,C
103,1,3,male,9.65925211148178,7,3,309.83443661655735,Q
104,0,1,male,64.85994967028128,2,5,116.78740698731849,Q
105,0,3,female,56.161589342341806,1,3,456.814086358517,C
106,1,3,male,40.12882674900697,4,4,123.91566668652058,Q
107,1,2,male,75.71526552585128,2,5,464.4691098326233,C
108,1,2,male,69.27859910668793,5,1,333.8300654723805,Q
109,1,1,female,71.08217590265765,2,4,62.72437433696291,Q
110,0,2,male,32.04962596272617,6,3,59.99551502527902,C
111,1,2,female,61.87277785297759,7,1,468.4143346243876,S
112,0,2,female,43.81302249980907,7,3,360.1004432765965,S
113,1,1,male,48.77867966106603,2,1,3.7086093868408057,S
114,0,3,male,21.82949155609554,6,2,449.61820231926157,C
115,1,1,male,73.17018581272136,1,0,446.55166705764384,Q
116,1,3,female,17.35654919756893,4,5,131.1685556178577,C
117,1,3,female,7.002031508312697,6,1,82.33462272717139,C
118,0,3,male,6.837412742069604,1,5,274.7041211170221,S
119,1,2,male,57.7879255940108,6,5,365.7916489473283,C
120,1,2,male,22.81628882504643,5,1,267.8419456183637,Q
121,1,3,female,30.179504809917812,6,2,72.21800472430033,C
122,1,2,male,53.30480839562143,5,2,226.80763560665116,Q
123,0,3,female,63.38219281255913,7,3,84.23621408717042,Q
124,0,1,female,12.340681661521472,0,3,486.74672564877704,Q
125,1,2,male,58.54418092513516,4,5,391.04073611107583,S
126,1,3,male,22.809521234272072,1,3,88.06484613334555,C
127,0,1,male,33.27997103586159,2,2,321.5474388899547,Q
128,1,1,male,28.967809552359853,6,0,88.46082141270614,C
129,0,2,male,41.38992860876249,0,3,27.90748705583161,S
130,0,3,female,38.20166697941306,6,2,183.63154524954922,Q
131,1,2,female,4.100940329073852,7,4,34.31745137545204,S
132,1,2,male,33.68241762851381,7,1,97.55541338794922,Q
133,1,3,male,23.048497160056108,2,1,18.1089773993437,S
134,0,3,male,78.0361053543244,0,2,163.6385973462563,Q
135,0,2,female,76.72001037012836,5,5,344.52961447573006,Q
136,1,1,female,22.04907771888785,5,4,121.31891621075357,S
137,1,2,male,10.832772217911675,7,4,363.48728670096165,C
138,0,1,female,65.00150214642191,1,2,296.01717678223594,C
139,0,2,female,68.28781256408989,4,3,2.1648021317998882,Q
140,0,1,female,67.68303101388906,1,1,263.76234984402583,Q
141,1,2,female,50.868831898441336,7,2,431.94366976248244,C
142,0,3,male,44.115551192663325,4,0,324.5655580506427,S
143,1,2,female,76.5193396418848,5,0,462.53119195200316,C
144,0,1,male,24.73374026762563,6,2,11.426700606895281,C
145,0,2,male,43.415402342835606,6,5,46.307732838129084,S
146,0,2,male,55.651761842461184,4,2,438.2032608367985,S
147,1,3,male,43.28484585128362,2,0,350.8175034072894,C
148,0,2,male,48.88265909593979,1,0,230.5700098594304,Q
149,1,3,female,59.26708676007924,3,2,118.32976024382089,Q
150,1,2,male,60.577188176365766,0,1,104.92320112926734,C
151,0,2,male,2.5099176360528666,7,3,315.7145003919479,Q
152,0,1,female,19.339928683149903,0,0,279.82136978787526,S
153,1,2,male,76.7675035689312,2,1,117.5058651936921,S
154,1,1,male,60.907406086919096,4,5,228.24006148424877,S
155,1,1,male,20.263560989711696,5,5,485.1463432058213,Q
156,0,3,male,23.128350956705866,0,2,20.785181634028163,S
157,0,1,male,39.07344448542368,6,5,271.21196603000845,C
158,0,1,male,24.669396574148685,7,4,484.72728973396477,Q
159,0,1,female,9.98712918551745,3,1,184.56264576726392,Q
160,0,1,male,27.94464548321051,4,3,180.58805441343725,Q
161,0,3,male,55.15634707511837,6,1,120.81202607168683,C
162,1,1,male,8.974225122846553,7,1,509.20827769068677,Q
163,1,1,male,7.8228009193522325,6,2,488.86391367987227,Q
164,1,1,male,38.306927484539216,3,5,74.83054398201796,C
165,0,1,male,33.261915270485524,3,4,500.50152008467006,C
166,1,1,male,54.994733750421396,4,1,31.87483076589473,C
167,1,2,male,9.778578487948563,4,2,39.48185544493015,C
168,1,1,male,74.76224951963101,7,5,20.75521038057684,C
169,1,3,male,29.13351386547583,5,2,255.45332202081136,S
170,1,2,female,27.141571786779167,0,3,409.49806308172697,Q
171,1,2,male,58.22057039817931,4,1,199.29203839873782,Q
172,1,2,female,73.84935021101052,2,3,223.94287137603635,Q
173,0,1,female,64.12066126176461,4,3,365.39113563132787,Q
174,1,3,male,73.81693736103415,3,2,65.38037399528281,Q
175,1,2,male,32.23283075832607,4,5,241.7425388806023,Q
176,1,2,female,34.976480262005865,3,1,174.4679371692137,C
177,1,2,male,0.6905773827782744,4,5,466.7183854024283,Q
178,1,2,male,27.75984747586912,7,5,294.8334157329921,C
179,1,2,male,6.245088591505802,0,4,440.74042304920727,S
180,0,3,female,68.34002104946909,1,4,288.9931369852639,S
181,0,2,female,21.023209144041413,3,5,25.772302162705785,C
182,1,2,female,42.7328635579325,2,0,23.941936776843022,Q
183,0,1,female,47.365067749050155,1,5,341.2425744350029,C
184,1,2,male,74.5269353616192,6,3,361.3313175784788,Q
185,0,2,female,71.15275334821065,2,4,337.14258248217675,C
186,1,3,female,22.148513057396496,1,3,385.27539445592737,S
187,0,1,female,48.30421427934403,7,2,137.73131397016897,Q
188,1,2,female,28.370926367407193,2,5,201.29978504762664,S
189,0,1,female,79.76373659426234,5,1,140.14739075757353,Q
190,0,3,female,8.574135689520338,4,5,382.90383599351765,Q
191,1,2,male,22.793312747072264,4,4,10.422581841829754,C
192,0,1,female,61.31723044371389,5,3,247.93116169506237,Q
193,1,1,male,34.56344249620637,1,5,255.3366715821794,S
194,1,3,male,13.499828765852904,6,4,208.02264289112765,C
195,1,2,female,39.828704860793536,4,2,172.00451669023806,S
196,0,1,male,59.251096487738074,6,4,340.59524585586684,Q
197,1,3,male,11.683932773708749,7,3,270.3510887486701,C
198,1,3,female,24.805020726756233,4,5,356.2208635220443,S
199,0,3,male,57.44804479516847,7,4,254.8975987726252,Q
200,0,3,male,36.50347518484369,4,0,401.13737176886303,Q
201,0,1,male,38.778840971840474,0,5,469.0078059654807,C
202,0,2,female,72.78909934852929,1,2,413.3944131961922,S
203,0,3,female,30.365190086610113,7,3,146.83805705446565,S
204,1,3,male,20.18679174158826,7,1,96.84052495608387,Q
205,1,1,male,53.03380266061999,1,2,284.9287407355724,Q
206,1,1,female,55.99352676604086,5,0,268.7651374380219,C
207,1,3,female,32.86823259429388,7,5,189.49644291159046,C
208,0,1,male,76.63068767817208,7,2,177.0365569759889,S
209,1,1,male,25.86434622819895,6,1,304.0319570055551,C
210,1,3,male,59.74751912753275,6,3,95.75646211282276,Q
211,1,2,female,10.458511611777583,1,1,372.06436089637714,S
212,1,2,female,17.194240640880704,2,2,121.53113543077188,C
213,1,2,male,11.054857392436551,7,1,199.43717343382718,C
214,1,3,male,17.604113579225988,5,3,62.44669362660784,S
215,0,3,male,47.49643395810102,7,3,477.91752329220094,C
216,0,2,male,58.27884059048757,0,1,281.4675307815904,S
217,0,1,female,10.45409810965532,6,4,164.49152373810693,Q
218,0,2,female,0.48216685056564135,4,4,94.95628023487706,S
219,0,3,female,11.422537473143544,2,0,122.94608340942943,C
220,0,2,male,41.492201691961434,2,4,194.3563280962518,Q
221,0,2,male,13.800953001629528,4,1,429.365561371322,S
222,1,3,female,31.23363503527147,5,5,419.57547489281615,C
223,0,2,male,37.452759363790705,1,4,85.98890459568543,C
224,1,1,male,20.97898133089466,5,0,343.89734196099204,C
225,1,3,male,20.55945380418566,1,2,397.49043247041243,C
226,1,3,female,53.746348887361826,2,0,500.6609268774275,C
227,1,2,male,53.9568801422177,3,0,123.85400582949018,C
228,0,2,male,63.184157209616146,0,5,10.492718204347682,Q
229,1,2,male,38.17224244248452,7,4,178.56150445602316,C
230,0,3,male,17.074847704373877,1,4,81.81405361582063,S
231,1,1,male,19.719650079988746,3,1,505.84208694958306,Q
232,1,1,male,38.59048080374522,6,1,373.08780194133783,Q
233,1,3,male,67.9213055397197,3,2,488.1798371226212,S
234,1,3,male,5.723984752806292,0,4,509.4194835425775,C
235,1,1,female,8.417290411119676,2,0,483.3250530534494,C
236,1,1,female,57.76687866658847,3,1,392.4389557133686,S
237,1,3,male,25.60142843695687,2,1,198.8938076332463,S
238,0,1,female,71.90881333787786,5,4,176.60972478837618,S
239,0,3,female,11.095862060847985,6,3,240.6618818312288,S
240,1,2,female,64.5229208500397,7,0,19.76716472439648,S
241,1,3,male,56.32812371239031,5,4,464.73253887582075,Q
242,1,3,female,28.205879652348703,3,5,487.74589364080185,C
243,1,1,female,68.35307417159034,4,4,40.56646078951712,S
244,1,2,male,20.38569328992209,4,0,413.103316677337,S
245,1,3,female,10.25446392424718,3,2,26.574190647951355,S
246,0,1,male,70.31285104577418,1,1,117.03128563245122,C
247,0,1,male,70.5989090229726,7,2,386.03970768516933,C
248,1,3,male,68.00038261344028,4,2,124.83476452877528,Q
249,1,3,male,65.33760108976624,6,4,484.5936966121463,Q
250,1,1,male,9.287200688730337,7,4,485.85397567363367,C
251,0,2,female,63.739689868120415,3,4,475.46939746621445,Q
252,1,1,female,16.81680688010337,6,4,96.59175897729278,C
253,1,1,male,44.75804355970385,4,2,259.6900425227058,C
254,1,1,female,53.06720686462806,1,5,296.29822020611203,C
255,0,1,female,47.19181875891119,3,0,414.4333422635311,S
256,1,1,female,54.448250029685155,0,0,105.57536059928759,C
257,0,2,male,36.1204910726319,3,2,432.18710205982626,Q
258,0,3,male,65.81906166785959,7,0,28.990830752132126,C
259,1,1,female,75.14520491678898,5,5,132.71741701708743,S
260,1,3,female,71.9559380998356,5,0,134.54199799542386,S
261,0,2,female,4.599617071276921,7,2,504.88409253810414,C
262,0,2,female,73.72925137232308,0,3,326.4022813722029,C
263,0,2,male,3.952277149266002,2,2,166.32052644591522,Q
264,0,2,female,78.05206081600168,6,2,64.51453237212871,S
265,0,1,female,12.532562907553503,5,3,110.72467701484976,S
266,0,2,male,8.179763311830682,1,1,86.88247117209693,S
267,1,2,female,25.15157189757188,1,4,59.93183904591973,C
268,1,1,female,16.765822688686118,1,3,102.67510128402824,Q
269,1,1,male,34.235064899418795,2,0,102.34264182052357,C
270,0,1,male,2.8778617026006876,6,4,111.33003207506283,C
271,0,2,female,25.00219172431463,4,5,327.88457137160685,C
272,1,2,male,53.9109145612683,2,4,352.28541873569907,Q
273,1,3,male,78.61967251358149,5,2,321.9846148701335,C
274,1,3,male,32.0887207127594,0,2,257.3990027282945,C
275,1,3,male,58.861490091897984,4,0,359.56294057115696,C
276,0,2,female,17.91304838931993,4,5,451.9408955277601,S
277,0,1,female,39.86960437216231,3,2,414.4332924310015,S
278,0,2,female,42.030725681815625,1,2,476.3872390979976,C
279,1,1,male,23.820506866126095,4,4,324.48254350464555,C
280,0,2,male,79.2550742092045,6,1,111.53312481082202,S
281,1,2,female,26.451533571705433,2,2,377.2972705596029,Q
282,0,1,female,16.18895708615654,2,4,258.29223850797194,Q
283,0,1,female,76.59791130830268,0,0,303.3184263842801,S
284,1,3,female,39.075243722271324,3,3,332.8036044222698,C
285,1,2,male,39.31918364440411,2,2,357.4657295240266,Q
286,0,2,male,68.76736559489677,4,1,133.96137474816743,Q
287,1,3,female,76.97803117184448,5,3,84.58968458969883,Q
288,1,1,female,21.242347207850734,6,3,337.87194421412767,Q
289,1,1,female,32.97684831783836,2,3,94.05055512007613,S
290,1,1,female,55.46195521854159,6,2,371.5012863433617,C
291,0,2,female,68.0263360919597,7,1,397.9231444792857,C
292,1,2,female,7.017489512379438,7,3,241.25433355535506,S
293,0,1,male,8.499423152220574,0,2,88.91720503372875,S
294,1,1,male,27.609554002265384,7,1,511.2503556750091,S
295,1,2,female,71.12773710876556,2,3,492.67180443275106,C
296,0,1,female,39.5096772384201,1,0,246.0170523337306,C
297,0,3,male,64.6085948648389,3,3,212.69760982282025,C
298,0,2,male,44.45625176058672,1,0,379.3688475402925,S
299,0,1,male,14.066729820665758,6,0,180.18925446987282,Q
300,1,1,female,1.8846007339059145,7,2,323.9613600716615,C
301,0,1,male,41.489731843920985,0,1,205.35849374472872,C
302,0,3,female,35.73223300924439,1,3,258.24484549308767,Q
303,1,2,male,61.9038323196032,7,1,12.92991448657267,S
304,0,1,female,56.158145116080874,4,2,486.38130377284716,Q
305,1,1,male,35.33107166668435,2,5,382.8514363251369,Q
306,1,3,female,55.66166264995521,7,5,0.26433710295691526,Q
307,1,1,female,73.09982024730037,5,3,246.32890961912796,C
308,1,2,male,26.279172207621308,4,1,196.8781070434154,Q
309,0,3,female,21.220520373795825,7,5,237.8717513249954,S
310,1,2,male,73.30496265310416,5,0,480.5140171951286,Q
311,0,1,male,56.56289954634363,2,0,44.02499259361065,C
312,0,1,female,54.36480878543333,1,5,199.9578133465027,S
313,1,3,male,16.843578425058976,2,4,305.6415439915036,S
314,1,1,male,68.61008956498789,3,5,82.37134832181914,S
315,1,1,female,40.150404025041645,5,3,14.158193618381915,S
316,0,2,female,43.38940519910812,1,0,1.4055527613229515,C
317,0,3,male,12.750072334167381,3,5,73.12801866307797,S
318,0,1,male,10.347970576515449,4,0,224.9773533981646,Q
319,1,2,female,42.01704320479039,4,0,478.7435761840186,C
320,0,1,female,43.11734858340685,7,0,291.5572747440867,C
321,0,1,female,64.99259701453197,4,2,273.02769085168046,Q
322,0,1,male,74.63934739377429,1,3,144.4542596035148,Q
323,0,3,male,66.53444262000237,3,1,147.67435405189343,S
324,0,2,female,49.89458755528039,1,3,188.84658862320674,Q
325,0,2,female,63.805476870083105,1,5,492.04120349516984,S
326,1,1,male,68.42429297288689,0,2,238.15287155585617,Q
327,1,1,female,62.519780991456784,4,1,382.1790033802901,C
328,0,2,female,25.49043050332405,6,0,126.04018834249092,S
329,1,2,male,30.802367791573072,3,2,321.86554909640535,Q
330,0,3,male,32.18187562229244,5,0,185.29198643535216,C
331,1,1,female,4.8491684964482555,0,3,74.23463305774413,Q
332,0,2,female,75.85018996537214,5,1,406.1404508917501,S
333,0,2,female,73.23141011820957,2,1,227.4915343660308,S
334,1,1,female,26.847153354561076,7,0,361.00801869633784,S
335,0,2,female,57.29864891965,7,2,379.9481387003231,Q
336,0,3,female,56.47897443829193,4,1,311.0477981227466,C
337,1,1,female,74.98045168743526,5,4,413.3466244986369,Q
338,1,1,male,51.49773723297645,1,1,361.68337625619307,S
339,1,1,male,60.12940179412995,0,0,185.0528201177978,S
340,0,1,male,15.593221441033231,5,4,201.07071619710854,C
341,0,3,female,47.60201532765051,4,5,1.4496381028776568,Q
342,1,2,male,51.49418725337995,5,1,37.39418424986809,C
343,1,3,female,73.64710495434511,3,5,296.9157768640799,C
344,0,3,male,38.714437658889175,4,0,89.72087250840042,C
345,0,1,male,40.77633623714539,6,2,169.86411333291028,Q
346,1,2,male,46.93265191031329,4,4,469.54092676194335,Q
347,0,3,female,64.79298281565454,3,1,13.919140478976544,Q
348,1,3,male,56.434750213372816,3,0,195.44320494359965,Q
349,0,2,female,55.726508601882905,6,1,389.67778359993804,C
350,1,1,male,36.06933267984684,4,3,247.8806025918953,Q
351,1,2,male,79.03469486841772,3,5,195.01829174739572,S
352,0,1,female,73.95077824071394,6,5,73.58771406245432,C
353,1,2,male,28.21752502328995,3,3,47.58286185620932,S
354,1,2,male,21.408010771740333,5,0,438.784700895085,C
355,0,2,female,66.71233117452242,2,4,285.4264413893507,C
356,1,2,male,65.10529951876399,0,3,128.89773744913822,Q
357,1,2,male,70.01576011836094,0,4,310.5286971197512,C
358,0,1,female,9.760250826456103,3,3,420.2235337074372,C
359,1,3,male,76.80712560217505,1,3,0.10027621349729543,Q
360,1,3,female,24.20650057601033,6,2,40.68448126183898,C
361,0,1,female,57.85516030803938,5,2,231.26572174246928,C
362,0,1,male,4.371053025296777,5,0,292.02283122312673,C
363,1,2,female,12.05374900342929,2,1,72.26155873305447,S
364,0,1,male,51.780904480560984,0,1,146.6619389438971,Q
365,1,2,female,43.343723543599836,4,1,505.0648939667353,S
366,1,2,male,44.490885939351834,7,4,134.41016913375415,Q
367,1,2,female,51.31572504325106,4,4,248.8515587431147,Q
368,0,3,male,1.8646583643374637,7,2,248.26030798394203,C
369,0,2,male,31.393879905406646,1,3,468.87678997263345,Q
370,1,3,female,56.51119632789669,0,0,438.70870272714563,C
371,0,2,male,39.432850175841736,4,0,396.7252722567388,Q
372,0,1,female,33.225207787163164,5,3,195.4667122770315,Q
373,0,3,male,6.418579397068176,3,1,441.8106330966658,C
374,0,3,female,5.07023386919891,7,3,102.73871917873038,C
375,0,2,female,5.417247030929341,0,2,127.98263214257594,S
376,1,3,male,20.45753490894977,7,1,149.51601285655858,S
377,1,1,female,12.316091038250708,5,4,332.5488260748687,C
378,1,3,female,20.995124811829825,6,5,82.82590590384541,S
379,1,2,male,53.22584029611993,2,2,403.69619584864455,S
380,0,2,female,47.87191741213885,2,5,367.1995470584975,S
381,1,3,female,75.82612146179778,6,2,379.4374080706703,C
382,1,3,male,49.031232267931905,2,1,182.51747095418057,C
383,1,2,female,78.914472374414,0,3,432.0181517231407,C
384,0,1,male,17.236779366433776,4,0,290.59198208125554,S
385,0,3,female,54.450487987946865,3,2,164.74312340247792,Q
386,1,2,male,11.45740269585295,5,0,128.59534368409254,S
387,0,3,male,4.698053500853229,1,5,464.97306683436057,Q
388,0,3,female,76.96392343004321,3,2,309.6052305985534,S
389,0,2,female,38.380538735528525,2,2,458.8164127452422,Q
390,0,2,female,5.07440611065266,3,1,7.894796690181181,Q
391,0,1,male,23.12802409917743,3,4,84.97641225816801,C
392,0,3,male,36.06662455472071,2,3,389.11253563998065,Q
393,1,1,male,43.472404155453496,5,5,467.63183588042835,C
394,1,1,male,78.2502245124557,2,4,187.99395373848404,S
395,0,2,female,79.10227380298231,3,0,433.1345703213251,Q
396,1,3,female,12.761849561008532,1,4,494.437830119903,S
397,0,1,female,23.461270239961305,5,1,333.5967822966159,Q
398,1,1,female,70.69643327228802,6,4,61.72051129091528,Q
399,0,2,male,78.70133860206161,0,3,313.97211103174146,C
400,0,2,male,31.10130625887547,6,2,433.81957451266373,C
401,1,1,male,65.74838296892204,3,2,0.466570991317667,Q
402,0,2,male,67.39644574505571,1,5,168.21495910388444,Q
403,1,2,male,51.11242090221007,4,2,436.77401150708454,S
404,0,1,female,63.558638818527186,3,1,358.7302738956618,Q
405,1,1,female,63.11807095584622,7,0,327.7374972701362,C
406,0,1,male,62.53795949246125,6,5,133.30217290394256,Q
407,0,1,male,0.6212915117310638,4,2,212.69015700412996,Q
408,1,1,female,36.301401619720686,6,5,309.74552691188677,C
409,0,1,male,24.6706009187937,1,3,407.7800513987968,S
410,1,1,female,20.904951017922137,5,1,426.43568309256597,C
411,1,3,male,38.61426291666397,4,4,276.1514922969479,Q
412,0,1,female,76.75825039700702,6,3,55.633424460366655,Q
413,0,1,male,53.62362646338121,4,2,296.65053110850624,Q
414,1,2,male,61.68753347305661,7,2,306.3273499857947,S
415,0,2,female,7.024403112544949,4,2,36.688193467425265,C
416,0,1,female,29.965030556734334,2,5,64.28285588511153,S
417,1,1,male,14.118699113882714,4,1,499.69406625122906,S
418,1,3,male,53.40974350735576,1,2,353.67329875167775,Q
419,1,1,male,43.24575527541974,4,2,183.37701883929856,C
420,1,3,male,31.905624884481387,0,0,272.61152890381464,C
421,0,3,male,39.591516010205474,5,5,36.427945749181845,Q
422,0,3,female,45.62770201589416,0,0,434.7803059176752,S
423,1,1,female,44.98481308407939,0,3,191.62435045062534,C
424,1,3,male,49.17365477269085,4,4,57.781260664857825,C
425,0,3,male,41.443692283596924,4,3,138.86809791761323,Q
426,1,1,male,30.56883148242972,7,3,0.4706667509384488,Q
427,0,1,male,57.348302295892914,4,3,281.22458035947295,C
428,1,3,male,51.68496419456314,6,1,453.5701306501534,C
429,0,3,female,42.141281327231425,4,0,414.5357892683305,S
430,1,3,female,21.98536179841689,2,1,353.21237041372376,Q
431,0,1,male,15.209464995811695,5,0,382.1387136394228,C
432,0,2,female,15.411669734454215,5,1,322.9288436487557,Q
433,0,3,female,15.07322142530582,0,1,381.21005355271296,S
434,0,2,female,25.387323776360056,2,0,155.1842030237591,C
435,1,3,male,34.6220550669287,1,1,207.12886956636237,Q
436,1,2,male,28.73091367252019,7,1,295.4003522259851,Q
437,1,3,female,77.87243983297564,7,0,475.43555121247397,Q
438,0,3,female,33.713444157676925,4,3,248.76256009049501,C
439,0,1,male,28.402039631852336,4,4,10.235237676199688,C
440,0,2,male,44.035021723349985,4,3,396.4781699668024,Q
441,0,2,male,48.61953741943842,7,5,408.2762336609676,S
442,0,3,male,39.885035824617084,4,4,487.3535950568858,C
443,1,1,female,69.02771885017869,2,3,396.28281847210445,C
444,0,2,female,38.21376052154795,2,1,136.66237381112785,C
445,0,3,female,34.7828321230345,0,1,53.11390789891192,Q
446,0,3,male,72.56829051017769,1,0,137.69177349647697,S
447,0,1,male,18.107579414489756,0,4,487.1301389514612,C
448,0,3,male,12.553953930609813,6,3,277.65541076284444,Q
449,1,2,male,43.97845640188044,5,0,81.77764005093485,C
450,1,2,female,12.442129518350805,1,0,69.4063892879625,S
451,1,1,female,35.678676901667004,1,2,187.97046611955568,S
452,1,1,male,10.059670427154735,2,5,117.7772330292031,S
453,0,1,male,23.082839072285182,7,1,148.7782730321,S
454,1,2,female,76.13441605966352,4,3,169.75827137899188,C
455,1,2,female,10.94949129154368,2,4,468.31128891351443,C
456,0,2,female,60.66752634372715,5,0,428.9222279563288,Q
457,1,2,male,58.21119146704292,5,3,393.07250350628084,Q
458,0,1,female,22.19078814940081,6,1,148.71690874464355,Q
459,0,2,male,36.88473191859997,7,5,378.5031194198373,C
460,1,2,male,33.61230823354779,1,5,439.905656721374,Q
461,0,3,female,56.931163890374265,2,2,404.5288813832149,S
462,1,2,female,54.25332708973991,4,0,433.58296094636916,S
463,0,3,female,54.75380293809116,1,4,198.53719850815816,Q
464,0,2,male,25.693176344017278,6,5,319.38439720474486,S
465,0,3,female,50.75542565284047,0,1,261.06866287139286,S
466,0,3,female,26.872411735715048,7,1,152.77499360971314,Q
467,0,1,female,41.452617760529414,7,0,264.75305752730304,Q
468,0,3,male,66.19840875289198,5,2,220.7083263164842,S
469,0,1,female,7.805721886915716,3,1,473.1805755059491,C
470,0,1,female,9.724348448343521,7,2,502.72949551160855,C
471,1,3,female,54.3182411154516,2,3,85.2148218723234,Q
472,0,3,male,25.684392854591476,6,2,9.31233314142861,Q
473,0,3,male,74.52313516145949,4,0,499.90087499424527,Q
474,0,1,female,66.37341535949432,2,0,213.72446004823752,C
475,0,3,female,13.144357190433743,6,1,225.22096071019274,Q
476,1,3,male,61.055552113065495,0,2,508.09058229328167,C
477,0,2,female,1.3006031074574809,6,5,123.55260579264507,S
478,0,2,female,38.48730471753241,0,0,0.4473935553039041,S
479,0,2,male,62.50351808378374,4,5,416.26123008015685,Q
480,0,2,female,20.91061628225437,6,3,238.86351990329382,S
481,1,2,female,10.422377563842165,3,4,18.956277972330383,C
482,0,2,female,54.9844668285929,5,2,412.9758116703478,C
483,1,1,female,78.3304674203076,7,2,17.686272433170814,C
484,1,2,female,25.734105222179227,3,0,123.27552054947068,C
485,0,1,male,74.84316962104339,2,4,230.3911627764425,Q
486,0,2,male,74.40640154704298,4,5,242.92319199023342,C
487,1,3,female,6.798119545318058,4,3,415.25951414366006,Q
488,1,3,female,44.824380424071016,5,1,222.34296794433266,C
489,0,3,male,45.936737201218804,5,1,373.20957135332543,S
490,1,2,female,31.579423882949055,2,5,383.05813068610325,Q
491,0,2,male,49.71508259508895,2,2,361.26482350185177,Q
492,1,2,male,74.78927908238103,3,5,311.0975425612464,Q
493,0,2,female,19.464205612541008,2,1,162.04882303988182,Q
494,0,3,female,58.32595851330207,1,1,225.4348482042268,Q
495,0,2,female,74.81674165467189,5,5,159.75361021837153,S
496,1,2,male,9.619246391326977,6,3,348.61712324639916,C
497,1,3,female,77.50424410060432,7,1,354.5510183650959,C
498,1,3,male,70.1397581303342,7,0,358.7708737919435,C
499,1,1,female,0.8884273063154263,5,2,259.0257533529034,C
500,1,2,male,51.20335456633656,3,2,366.77613403020604,S
501,1,1,female,71.54038539120663,2,1,150.2257708103134,S
502,1,2,female,69.20799969503621,6,2,298.0775029395921,S
503,1,1,male,20.88273296709197,2,2,509.8137987392283,S
504,0,2,female,35.78311639539918,7,4,7.314700726947308,Q
505,1,1,female,45.99740333828828,4,2,93.62961644694923,C
506,1,3,female,63.36865485948064,3,0,309.8768174884021,S
507,1,1,male,0.6878835753704788,4,5,149.09324428360407,Q
508,1,3,female,36.149339626795815,1,4,167.64885901026463,Q
509,0,2,female,69.09565024324921,3,1,138.2973688518755,S
510,1,2,female,21.060168272540135,5,1,11.302217435236628,C
511,1,2,female,9.060685346241803,6,3,14.349980752779175,S
512,0,2,male,4.2309912924031075,2,3,483.1520474332733,C
513,0,2,female,33.41766106699758,7,4,274.6776756399015,C
514,1,3,male,47.94237209119581,6,0,272.75966176433116,C
515,0,3,female,42.186586555013044,3,4,264.4983504081863,C
516,1,3,male,71.90719862757693,4,2,412.77964572195935,S
517,1,1,male,4.10953329191507,7,2,251.80129230965895,Q
518,1,1,female,28.694041862899088,0,5,340.52407523391855,C
519,1,2,male,21.262081569399992,4,3,58.30573899236532,S
520,0,3,female,13.80876846333619,7,2,376.35834042839593,C
521,1,3,female,40.53334717442558,0,0,405.3119546932386,C
522,0,2,female,45.91817755925293,7,4,424.8976521555458,S
523,0,1,male,50.258630704573356,1,1,491.130146387302,S
524,0,2,male,23.51939851534824,1,2,61.21643794706762,Q
525,0,1,female,40.31329378627787,2,1,303.07027515352075,C
526,0,2,female,12.67311423172216,6,2,416.14725407376335,Q
527,0,3,female,78.3386670048203,5,3,460.18413308066675,S
528,1,3,female,16.96863407912413,7,3,252.31591775300183,C
529,1,2,male,33.408137481823786,3,5,507.09355674130484,S
530,0,2,female,4.928662327017168,7,4,211.09503382022768,C
531,1,2,female,32.5420634651309,7,5,254.19424225216528,Q
532,1,3,female,26.832463493674187,0,0,251.0619546773545,C
533,0,1,female,18.568331251483325,5,2,450.45085287106167,S
534,1,2,male,38.516364347180556,5,2,418.0340864590685,C
535,1,1,male,45.3165330327719,5,1,90.69581451009157,C
536,1,3,male,20.46064022142379,2,2,216.61725849337773,C
537,1,2,male,3.5954711500872536,7,3,206.44407759014246,C
538,1,3,male,2.8453333015566282,3,3,501.7703629885819,Q
539,0,2,male,28.28287499340507,5,2,37.89469326848149,Q
540,1,3,female,62.30203751158978,2,1,95.08880908461379,Q
541,1,2,male,22.795532142937773,7,0,447.1425268105288,S
542,1,2,female,33.57922517941302,7,5,394.4212452278757,Q
543,0,2,female,5.8807854588322,4,5,396.2057918831571,C
544,0,2,male,44.18487797596236,3,5,12.498601085210055,C
545,0,3,female,3.7945859196240037,5,4,489.60470817040465,C
546,1,3,female,61.99493357008821,0,2,506.76429337888317,S
547,1,2,male,64.12935613720306,1,2,440.92761327991457,Q
548,1,2,male,55.64068581254001,6,5,31.35341185030302,Q
549,1,2,female,20.089652702661375,3,3,301.5669517567906,C
550,0,3,male,7.617611006916984,6,0,83.44596423981403,S
551,1,2,female,21.373822932968917,2,5,450.7231469902075,Q
552,1,1,male,59.6935156716766,5,3,160.55779933448758,Q
553,0,2,female,26.999613798989696,3,1,298.4093991590136,Q
554,1,3,male,42.721582020330224,4,4,228.07744134020533,S
555,1,1,male,46.31214459023513,4,0,408.6585205543794,Q
556,0,3,female,45.51372651607394,0,5,146.6263018484891,C
557,0,3,male,68.00850211764897,6,5,192.73491829893584,Q
558,0,1,male,26.715977484586976,0,1,383.72892139859556,Q
559,0,1,female,33.819334775052646,2,5,212.72978354630942,Q
560,0,3,male,13.181078280465739,5,5,415.025208156249,Q
561,1,3,female,37.38807325690049,6,5,474.23494357691834,Q
562,1,3,female,74.84697539118629,4,4,509.1153360405863,Q
563,1,3,female,44.23005517921988,2,2,235.013642382692,S
564,1,3,male,12.252520397210164,4,2,501.84111095012986,Q
565,0,3,female,62.15440802356626,6,1,290.05822054936505,Q
566,0,2,female,76.72837120898677,5,3,44.50660137360563,S
567,1,3,male,60.079857190617474,2,2,253.17705972708956,Q
568,1,1,male,23.17908017981054,1,2,162.43973331828272,C
569,1,3,male,51.70120065043245,0,4,47.18241084202515,Q
570,1,1,female,52.4794354014853,3,3,226.72677791355784,Q
571,0,1,male,14.891166756580192,0,0,275.6214293482143,Q
572,1,2,male,52.11420021737261,1,3,308.0887443617567,Q
573,1,2,male,69.66529647146947,4,1,374.52818116836187,S
574,1,2,male,27.90069916413147,6,0,120.37610670524612,S
575,0,1,male,16.185771952211827,1,2,50.4039180284434,S
576,0,3,female,53.81708642770578,5,5,44.26437101867862,S
577,0,3,female,76.16618327617562,4,2,337.6040801218263,C
578,0,2,male,42.515149443045516,1,3,340.96999431536665,C
579,1,1,male,68.81368930766337,2,0,184.25219453216698,C
580,1,3,female,53.08204156579296,5,1,204.1044879560818,Q
581,1,1,female,48.89147239683732,7,1,43.58326447661847,C
582,0,3,female,3.1607343234609164,2,1,394.5418472806846,C
583,1,1,male,35.088781613181276,4,5,25.594793376330244,Q
584,0,3,female,33.73210756322612,5,1,229.64998284391112,C
585,1,2,female,64.98457515952563,3,1,190.80451641706668,S
586,1,2,male,15.593347578736578,2,2,141.88085049591217,Q
587,0,2,female,62.707889590060496,7,1,191.51750758116816,S
588,1,2,male,36.68220526202783,6,5,275.3203982407397,S
589,1,3,male,5.2725198971825655,7,1,240.3480894607763,Q
590,0,2,male,65.90801466386871,7,3,412.2050872623116,C
591,1,3,female,27.051530200117774,3,1,60.88771214199892,Q
592,1,3,female,0.6094343631921361,0,3,230.27889247047284,Q
593,0,1,female,61.32219963887751,6,5,378.01345224271466,S
594,0,3,female,41.95661458295188,5,0,456.69572586127504,Q
595,0,2,female,13.061303442984025,0,2,252.22396395239332,S
596,1,2,female,51.07680658000738,0,2,23.13743083245538,C
597,0,2,male,31.80070679459435,7,2,80.68138722312699,Q
598,0,2,male,74.1708309375164,3,0,361.39492182198524,S
599,1,2,female,37.10451261600648,3,3,482.70179632790894,C
600,1,3,male,27.37098301760178,0,1,81.52898944538595,S
601,1,2,male,19.236594189688386,3,4,287.14324448746,C
602,1,3,female,5.877479990778119,2,2,373.0554721786832,S
603,0,2,female,9.349329266752449,7,4,194.9239949317273,S
604,0,2,female,68.36967927389694,4,0,91.67261920340559,S
605,1,1,male,33.951872631418006,1,5,171.8517738481333,S
606,0,3,male,42.88759385832655,5,0,149.29137159226383,S
607,0,3,female,7.382029265759201,5,2,152.97568417640832,Q
608,0,1,female,68.96252894319466,6,5,227.31322297271072,C
609,1,3,female,12.601194337827463,6,2,268.55840803747896,C
610,1,3,female,64.61499481998759,3,4,299.40491927332533,C
611,0,1,female,70.70929481072673,5,0,193.0297967848881,Q
612,0,2,male,67.16155592328853,2,2,178.8372773169358,C
613,0,3,male,62.26572752201182,2,1,268.0691003650064,C
614,1,3,male,48.4269762861861,7,1,172.0065192480983,S
615,1,2,female,31.369699092481,1,3,78.5639982990914,C
616,0,1,female,7.357912219448593,7,4,63.413924645434406,S
617,0,3,female,66.44725379966877,2,1,482.15550358844257,S
618,1,3,female,13.891093578776193,4,0,244.89826783625682,C
619,1,1,female,53.7198441985389,1,2,129.47755741876705,S
620,0,1,female,27.28718078730799,7,4,4.401246567615431,Q
621,1,3,male,6.264485091986104,4,3,388.9240053159,S
622,0,2,female,76.90772861807864,1,1,39.89217920059235,C
623,1,2,male,30.578523423891085,7,0,457.52215216935224,C
624,0,3,male,39.10998323331039,4,2,414.4325231285068,S
625,0,3,female,55.80384070524453,2,0,42.388085818757645,Q
626,0,1,female,15.001543045345757,3,0,253.3575771341802,C
627,0,3,male,16.202103982624777,2,4,401.7649315389871,C
628,0,3,male,64.44086358785734,0,1,244.86236554905645,S
629,1,2,male,3.0395627464439023,7,4,498.59541166434815,C
630,1,2,male,24.992616325162377,2,1,457.3543182662023,S
631,1,1,female,23.660781964676506,4,5,140.7071419881176,Q
632,1,2,female,63.240044654177105,5,3,350.1374483424826,C
633,1,2,male,10.022106372651365,4,2,125.67722210267931,S
634,0,3,male,43.67855502348077,7,2,187.929747552106,S
635,1,2,male,22.28697769730364,1,1,309.4910818556664,S
636,1,1,male,66.52199992128604,3,1,89.778218693952,S
637,1,3,female,24.20256635360141,2,5,43.61676767144877,S
638,0,3,female,26.435984557592818,7,4,498.5677782779366,C
639,0,3,male,22.708326388216644,3,3,435.38917882386346,Q
640,1,1,male,14.249853500363848,2,3,305.0067576133289,C
641,0,2,male,66.77687055524675,5,4,152.19528634602125,C
642,1,3,male,2.3331010770507548,6,4,298.1451074597739,S
643,1,1,female,74.76893862663938,4,3,96.71932494315416,Q
644,0,3,female,48.728785760155276,7,5,102.39506255577493,Q
645,1,1,male,71.05767178493029,6,1,41.01895492447221,S
646,1,1,male,10.141095606779396,1,0,466.1413137303559,S
647,0,1,male,73.68986903293636,6,1,147.46340191645214,Q
648,0,1,male,2.5358179219742425,2,0,106.03703073233595,S
649,0,1,female,6.181794579631089,4,2,219.24624455731384,S
650,0,2,male,52.79898443200987,7,4,352.7779631338271,Q
651,1,3,female,25.087952408567112,3,4,482.23475572368557,Q
652,1,2,female,20.74614782353018,2,3,404.9975324415826,Q
653,1,1,female,46.709847667044556,2,1,360.37467489797046,S
654,0,1,female,52.22450725559311,3,1,163.43496655189978,Q
655,1,1,female,23.141659515678008,3,2,411.3324489427674,Q
656,1,1,female,24.383976490974554,6,2,119.3739873174298,C
657,1,1,female,78.30054020368162,6,5,202.81973481388508,C
658,1,3,male,39.657649691804046,6,1,160.1780932493848,C
659,1,1,male,57.83500685379143,5,5,496.65811418365814,S
660,0,1,female,7.642423774207937,2,2,487.52039407859536,S
661,0,2,female,79.30081549700002,2,1,87.50426669354005,C
662,1,3,male,13.93785319869075,5,2,286.2118441910225,S
663,0,3,female,55.20542260191094,5,3,292.26066596863575,C
664,1,2,male,68.33645894371953,0,5,282.7068239219296,Q
665,1,2,female,31.005910223317194,4,4,133.16775709157986,S
666,0,1,male,33.57063025670876,6,3,119.53460741123894,Q
667,1,1,female,25.87329082976794,1,0,458.5579575972969,C
668,0,3,female,68.1789239444189,7,2,90.88965134995135,C
669,1,2,male,6.197920848446595,1,5,189.6726174673796,S
670,1,2,male,56.73036059294785,1,0,251.32157531830052,S
671,0,1,female,66.70693228258426,3,0,142.15810926728312,C
672,1,1,male,77.66893138524715,4,4,450.18054709920676,C
673,1,3,female,9.945903993182867,0,3,36.253605932772416,Q
674,0,2,female,54.633298045193754,3,1,219.6864410034134,Q
675,1,1,female,9.949308046524882,3,3,392.5613012503927,S
676,1,2,female,51.60541174405129,0,5,219.22094917402848,Q
677,0,3,female,31.88258983394546,2,2,123.3385380170111,Q
678,0,1,female,77.1217774047412,1,1,227.55580795167538,S
679,0,3,female,6.500728850829596,6,0,93.11646404453069,C
680,0,3,male,57.99777188507398,3,0,213.25263255762485,Q
681,1,2,female,44.88400001055723,6,3,442.59046711639616,S
682,1,2,female,51.89936752951883,4,5,414.31584169505874,S
683,0,3,male,72.44568871260758,1,2,373.3284477879813,S
684,0,2,female,75.15893070765222,5,4,222.101910877347,S
685,0,3,female,57.05766855570987,5,4,58.9122352592438,S
686,1,2,female,21.560402403067865,3,4,181.5118284638811,Q
687,1,2,female,27.01940007588034,5,1,350.16518475283317,S
688,0,3,male,2.3870934111318123,5,5,408.1291087680444,C
689,0,3,female,41.269423544244894,2,2,133.64137366720666,Q
690,1,1,female,23.715737447454945,5,2,307.1569814053473,S
691,0,2,female,25.593435304799186,5,1,504.8485865123035,S
692,1,2,male,46.83882048535871,6,4,44.2677807981928,Q
693,1,3,male,10.827046856551371,1,1,132.35929496995834,Q
694,0,1,female,65.51813984152747,6,4,351.7852439018143,S
695,0,2,male,41.488815367372055,1,0,8.558601547071135,Q
696,1,1,female,19.140896521484628,2,4,99.59426003930287,C
697,1,3,female,15.581597558536007,6,4,158.99320292722717,C
698,0,3,female,17.79448749828048,5,3,129.5767359457089,C
699,1,2,female,66.823768050256,6,2,494.81465480739814,C
700,0,1,male,39.01945792391671,2,5,153.5910420689512,C
701,1,3,male,23.872020426456732,7,2,347.4293925532063,Q
702,0,1,female,36.670354084859085,1,0,177.64103821057353,C
703,1,1,male,54.72162645619979,3,1,163.0798841461032,C
704,1,1,female,59.67187458526306,4,0,16.086691198030508,C
705,0,2,male,1.1292522503964502,1,3,99.57940552743895,S
706,0,3,female,59.57672196548544,3,4,289.9281736090464,Q
707,1,2,male,42.849199703916575,2,0,320.7138602808351,S
708,0,1,male,72.28479857380032,2,4,4.072301991420943,S
709,0,2,female,40.51595137961918,2,3,103.63305225949392,Q
710,1,2,male,71.15711398616548,5,1,44.525639600777254,C
711,0,1,male,14.509185130484628,2,2,498.45140977258137,S
712,0,2,female,60.42362334820535,1,5,171.5805680687797,C
713,0,1,female,16.76250678231034,4,2,468.4366049990367,S
714,1,3,male,77.25762224863146,2,1,315.4136907262745,C
715,0,2,male,3.8735521134243522,4,0,224.47629529069707,Q
716,0,3,male,46.06842050259762,5,2,22.53503456575112,S
717,0,2,female,8.545075556238757,3,1,42.256096344024456,S
718,1,1,male,28.76029287024441,3,4,237.0579420363964,S
719,0,1,female,51.949789187284786,3,2,316.9299612640992,Q
720,1,1,female,5.194716175749276,4,1,233.81252542430468,S
721,0,1,male,9.934582305607773,2,2,246.0130561598001,S
722,0,2,male,11.441522303313686,4,4,345.0952881940188,Q
723,0,1,male,63.181564503756135,2,2,486.6547619388755,Q
724,1,2,female,15.747827252321187,7,1,189.13165688556035,Q
725,0,1,female,48.04426563557029,0,5,150.75540396448554,S
726,0,3,male,75.65508423283657,3,2,476.15972273708275,S
727,1,2,male,33.73848085108993,0,2,23.785493275261956,C
728,0,3,male,30.4134226015482,0,5,492.6976251800653,Q
729,1,2,male,19.804629200860745,7,2,205.49062827827862,C
730,1,1,female,4.135233728026772,1,5,189.2016255735167,C
731,1,3,female,2.2574504503693875,4,4,339.34306943778233,S
732,0,2,female,68.21758953957463,1,0,232.59868594780147,S
733,0,1,female,34.97687648354658,1,1,142.291731814686,C
734,1,1,female,1.8855357113588316,3,2,336.4067094461769,S
735,0,3,female,44.624642900625105,0,4,426.02559507071413,C
736,1,2,male,45.10987537017658,4,5,339.1976136130154,Q
737,1,2,female,68.90805691421471,1,2,99.72180992095491,C
738,0,3,male,10.969261839873635,2,0,448.76459949522916,Q
739,0,2,male,23.22053663708697,4,4,111.9562697414363,C
740,1,3,male,74.44782118485536,1,1,451.6759895607725,C
741,1,2,female,16.9137631945675,1,3,400.544616696415,Q
742,0,3,female,75.45445399458741,2,1,128.32020310016986,Q
743,0,3,male,36.78202633894361,2,3,10.478920708237695,C
744,1,1,male,26.844102995697593,4,0,276.4086374727729,Q
745,0,3,male,44.373546019251684,3,4,101.09732194724603,Q
746,0,2,female,22.538521680858366,7,0,305.1276027229755,C
747,1,3,male,10.945587426955866,0,5,139.01453361237583,S
748,1,2,male,40.36380032707252,0,0,412.3139195227685,Q
749,0,2,female,51.383160076151185,0,4,176.1758655129491,C
750,1,2,female,66.02829969714467,0,1,126.16479705415526,Q
751,1,3,female,6.039174956176395,4,4,420.6416045369463,Q
752,1,3,male,43.16735863010822,7,2,484.30632606949825,S
753,1,3,female,57.97983184324197,7,5,52.510470171478175,S
754,1,2,female,38.777989543928314,7,1,466.3414457018246,S
755,0,1,female,21.84742722708527,1,3,302.0474053085544,Q
756,0,1,male,75.0380713458247,3,2,379.61011312827776,C
757,1,2,female,33.25119533885031,1,5,158.26980457435695,C
758,0,3,male,13.230157903286997,4,4,333.195547204578,S
759,1,2,female,68.27560472262729,2,4,315.4565078539436,S
760,1,3,male,11.783086369544526,0,2,181.63692949898018,C
761,0,1,male,3.270940930837358,2,0,302.862273641592,C
762,1,3,male,40.7186609708594,2,4,362.30969346502286,Q
763,1,3,male,52.73935628056591,5,0,385.41496368795725,S
764,0,3,female,14.30901527238499,0,2,62.1013426427956,S
765,1,2,male,62.359026229724186,1,3,494.0708310607089,S
766,1,3,female,2.325576227969817,4,5,223.46810810890088,Q
767,1,1,female,71.17843531073211,5,0,499.8679119205686,C
768,1,3,male,78.65407955609837,1,5,308.9333101931957,C
769,0,2,female,47.20874968675085,1,4,179.36721619413595,S
770,0,1,female,51.47768354897754,5,0,151.1660878521667,C
771,1,3,female,63.767257356967946,3,5,84.134626576617,Q
772,1,2,male,52.551806497573644,4,1,298.97191870836224,Q
773,1,1,male,5.212160689849296,4,0,128.09958345484335,S
774,1,2,male,3.983994653428065,6,1,120.19393578694951,Q
775,0,2,male,38.81746450979806,3,4,354.217127912417,S
776,1,2,male,11.473496968428979,6,0,370.87437579836813,C
777,0,2,female,20.750726371674617,2,5,287.77991787521876,C
778,0,3,female,52.56138131821936,1,1,179.4439234612447,Q
779,1,1,male,41.37485342847842,0,3,32.03906501017241,C
780,0,2,male,20.004617925735403,4,0,389.7356878376571,C
781,1,1,female,1.7211783953571773,2,4,43.140401045399415,Q
782,0,1,female,15.256032728353562,3,1,481.82687216841373,C
783,0,1,male,18.162435830397126,5,4,354.52798715225015,Q
784,0,1,male,7.277311172036178,3,0,50.4706382685805,C
785,0,1,female,67.16807760275057,3,3,109.42828475916616,Q
786,1,2,male,59.05228167412911,4,4,100.18402398660282,Q
787,1,2,female,60.19068313308017,5,5,469.1709896488108,S
788,1,2,male,46.572831675777586,2,5,425.7426945228557,Q
789,1,1,male,44.00760670174034,4,2,294.22399620892895,Q
790,1,1,female,45.04024123392442,2,1,212.41456691347526,C
791,0,3,male,52.54239596058361,3,0,188.6105713861562,C
792,0,1,male,77.72008844824354,7,2,380.79452409504637,C
793,0,3,female,60.94468858608988,6,2,195.0075057534982,S
794,1,3,male,77.97375041109986,5,4,15.921227036814457,C
795,0,3,male,17.770512622377797,3,1,463.6055245727026,Q
796,1,1,female,13.060923692384035,2,5,248.9420620780678,S
797,1,3,male,24.806982649590406,6,5,319.4205202740669,S
798,0,2,male,30.57841733809528,6,5,469.7195082215794,C
799,0,2,female,6.118999234078962,0,4,213.3695563576623,C
800,1,1,male,4.658774634169879,3,0,54.160925356624716,S
801,0,2,female,27.22679133800342,3,0,307.9469200084812,S
802,1,2,female,41.83845950458038,5,1,458.333348748092,S
803,0,1,male,57.57033199439645,3,0,237.55311648144897,Q
804,0,3,female,59.11844764384863,4,1,330.18121560837614,Q
805,1,1,male,78.97294260036038,5,0,385.5789490766947,Q
806,0,3,female,39.55140132199178,3,5,195.04183238312208,C
807,0,3,male,7.9415346967704075,0,5,187.54751989135116,Q
808,0,2,female,41.07178119909656,4,5,486.16235243032804,C
809,1,1,male,34.30206076749503,3,3,257.06705417862514,S
810,1,2,female,11.52252254434682,5,5,309.007054803835,C
811,1,2,male,14.346844146822646,0,2,509.14538337016745,S
812,1,3,female,76.80912026086375,2,5,396.7042105306286,Q
813,1,2,male,27.203436011907954,0,0,260.86851102903495,C
814,0,1,male,32.44439890585154,3,1,268.62582436700455,Q
815,0,3,female,68.87484216985101,0,3,191.91142432228133,S
816,0,2,female,58.36659552106621,2,3,214.19562355623037,S
817,0,1,female,69.54982148882455,1,0,378.00954265814244,Q
818,1,1,female,37.60626408133457,0,2,140.5826951343534,Q
819,0,3,male,8.018945291884826,1,3,218.61092839127167,Q
820,0,1,female,7.4003780721404935,5,3,151.83128004980233,C
821,0,1,male,70.66188086154162,4,0,16.6923971498108,C
822,0,3,female,64.18042145160928,0,3,157.76251843238708,C
823,0,1,female,55.0838841051668,4,1,223.88597309298837,Q
824,0,3,male,32.01858199608795,0,0,433.08735903285793,Q
825,1,3,female,56.977846288017986,1,0,367.4085286679835,S
826,0,3,male,28.632817280521195,6,1,451.2212212892374,C
827,1,2,male,30.09204210111665,3,5,249.48457302636558,C
828,0,3,female,3.4005461698152426,1,2,377.4276319601317,S
829,0,2,female,40.43641853642981,7,5,245.83419813093468,C
830,0,3,female,48.15400493649975,0,0,268.1335174253253,S
831,1,2,male,68.62865034780856,6,1,398.29556049611114,S
832,1,2,male,61.86348488217621,2,0,455.03830425271985,Q
833,0,2,female,1.804117370898434,1,5,486.51976033643376,Q
834,0,3,female,57.496319543659155,4,0,497.50021644713803,C
835,1,3,male,71.79970521387729,6,4,304.7899698767403,S
836,0,3,female,41.9416555901764,6,0,393.1331756482273,C
837,0,3,female,74.27270634770237,4,5,51.30783388757237,C
838,0,3,male,53.114628086765066,0,2,409.78476353546483,C
839,1,3,female,31.98238855716147,4,3,281.04398828910763,C
840,0,3,male,53.56873870204903,0,3,236.60787105878984,Q
841,0,3,male,60.82910539844892,6,2,62.787232515540836,Q
842,1,1,female,25.147182095496397,3,0,376.5185531047266,S
843,1,3,female,65.19232603148501,4,1,367.952445311604,Q
844,0,2,male,23.19373212538811,6,3,417.2172874611939,S
845,0,2,female,38.59703170128961,0,2,36.3739913090551,S
846,1,2,female,32.24220910027656,7,2,173.54760113413192,C
847,1,2,male,72.03636579086077,2,2,348.7366853887691,S
848,0,3,male,51.60631498275247,7,3,146.30163191218878,Q
849,0,1,female,36.814797045989316,0,0,412.7299335967635,S
850,1,2,female,69.56561455767047,4,2,251.58331140040173,C
851,0,2,female,1.1311510393011714,4,0,152.96978709248066,Q
852,0,3,female,33.61514540666422,5,5,353.95607539296026,C
853,0,1,male,77.85208346069325,0,1,131.3017305006657,Q
854,1,1,female,41.09395923077745,3,1,273.40291341011766,Q
855,1,3,female,70.47050549596057,4,0,369.62565945324945,S
856,1,3,male,40.0177838987939,4,3,65.27547936927596,C
857,1,2,female,3.150359770115723,7,5,314.32347239133696,C
858,0,3,female,32.42391639069103,6,3,299.84014260178736,Q
859,1,3,male,54.093591725956905,4,4,352.7992630279272,Q
860,0,3,female,20.00872805661031,0,4,139.1557250930523,Q
861,0,2,female,35.18146546767457,6,5,486.50329600880264,C
862,1,1,male,17.093857348658524,7,2,300.92530335252997,S
863,1,2,female,53.37033986134613,6,5,166.7035041537481,S
864,0,2,female,52.83847145542403,6,0,301.4600563580854,S
865,0,3,male,41.101847937990186,1,0,463.34161961948246,C
866,0,3,male,53.556056506954775,5,3,44.819062638396474,S
867,0,2,female,59.35221086075171,4,4,295.4337710020124,S
868,0,1,male,64.30840808116801,7,4,243.9255407753318,C
869,0,1,female,28.139277016743133,6,3,494.12330910991295,S
870,1,2,male,73.69014695840522,2,2,234.73073742955802,S
871,0,3,female,60.0812854181874,1,3,331.10042470524695,C
872,0,1,male,24.670914079994837,6,4,262.193108175291,C
873,1,1,male,16.421090248246266,3,3,419.4454455876799,C
874,1,3,male,46.62679383738398,3,4,202.92415111550343,S
875,0,1,female,46.72146946917887,2,3,108.22163486694944,Q
876,0,1,male,51.49233522336384,4,5,313.7280890012502,Q
877,0,1,male,67.44756050599752,4,3,129.78664754703533,Q
878,0,1,male,41.309823165081994,7,0,2.130726049094278,Q
879,0,2,female,48.50033732723986,4,0,95.54408543007162,C
880,1,1,female,46.993368652585225,3,5,326.2836331503704,C
881,0,3,male,50.164566619238265,2,2,273.62079864910993,C
882,0,1,male,16.03844491056996,3,3,285.58933417505835,Q
883,0,3,male,7.603308776726392,1,3,416.7377422649141,S
884,1,1,female,37.64123032733232,1,5,306.0162855041852,C
885,0,1,female,77.71759134925466,5,0,225.78403216540812,S
886,0,2,female,73.57411996601927,3,1,22.23297970492689,S
887,1,2,male,74.01549639313872,6,2,206.24476741542423,Q
888,0,3,male,33.79510906507951,1,4,383.47687670103466,Q
889,1,1,female,79.91256807072848,7,3,53.79774591041945,C
890,1,2,female,43.99742407609013,4,4,293.0121720925104,S
891,1,3,female,61.530999937847454,6,0,244.01780246813388,S
